white_bot,black_bot,score,time
UCB_50,FLAT_50,1.0,3.171875
FLAT_50,UCB_50,0.0,2.09375
RAVE_50,UCB_50,0.0,5.671875
UCB_50,RAVE_50,0.0,2.296875
RAVE_50,FLAT_50,1.0,1.015625
FLAT_50,RAVE_50,0.0,5.421875
UCB_50,FLAT_50,1.0,5.171875
FLAT_50,UCB_50,1.0,1.328125
RAVE_50,FLAT_50,1.0,2.71875
FLAT_50,RAVE_50,0.0,7.140625
RAVE_50,UCB_50,0.0,5.03125
UCB_50,RAVE_50,1.0,1.984375
